ID,Year,Season,ID AND SEASON,August BODY WEIGHT,November BODY WEIGHT,August NO STEP VERTICAL,November NO STEP VERTICAL,August VERTICAL WATTS,November VERTICAL WATTS,August CLEAN,November CLEAN, August BENCH,November BENCH,August LIFT TOTAL,November LIFT TOTAL,August POUND 4 POUND,November POUND 4 POUND,August SQUAT,November SQUAT,Games Played,Games Started,Goals Scored,Assists,Goals + Assists,Shots,Shot% ,Goals while up,Goals while down,Ground Balls,Turnovers,Caused Turnovers
101,2015,2016,1012016,174,177,28.5,29,5917.45,6062.37,230,230,235,240,825,830,4.74,4.69,360,360,6,0 ,0 ,0 ,0 ,0 ,.000 ,0 ,0 ,0 ,0 ,0 
101,2016,2017,1012017,187,185,27,29.5,5947.22,6287.44,265,270,255,255,890,905,4.76,4.89,370,380,5,0 ,0 ,0 ,0 ,0 ,.000 ,0 ,0 ,2 ,2 ,2 
101,2017,2018,1012018,187,186,28,28.5,6113.73,6162.04,255,255,265,260,905,900,4.84,4.84,385,385,5,0 ,0 ,0 ,0 ,0 ,.000 ,0 ,0 ,1 ,0 ,0 
101,2018,2019,1012019,184,182,26.5,30.5,5818.74,6392.29,285,285,235,265,905,935,4.92,5.14,385,385,2,0 ,0 ,0 ,0 ,0 ,.000 ,0 ,0 ,0 ,0 ,0 
102,2018,2019,1022019,200,212,27.5,27.5,6293.56,6531.98,255,255,295,300,935,940,4.68,4.43,385,385,12,0 ,7 ,0 ,7 ,25 ,.280 ,3 ,0 ,5 ,7 ,1 
103,2018,2019,1032019,213,206,25,28.5,6181.47,6579.28,215,215,205,195,740,730,3.47,3.54,320,320,5,0 ,0 ,0 ,0 ,0 ,.000 ,0 ,0 ,1 ,1 ,0 
104,2017,2018,1042018,151,162,23.5,24,4671.8,4974.95,185,185,165,175,630,640,4.17,3.95,280,280,3,0 ,0 ,0 ,0 ,0 ,.000 ,0 ,0 ,0 ,0 ,0 
104,2018,2019,1042019,163,165,24,24.5,4989.34,5103.43,185,185,185,190,650,655,3.99,3.97,280,280,1,0 ,0 ,0 ,0 ,0 ,.000 ,0 ,0 ,0 ,0 ,0 
106,2016,2017,1062017,177,178,28.5,28.5,5968.84,6005.93,220,220,205,220,745,760,4.21,4.27,320,320,4,0 ,0 ,0 ,0 ,0 ,.000 ,0 ,0 ,0 ,0 ,0 
106,2017,2018,1062018,180,183,27.5,28,5876.32,6031.51,225,235,225,240,760,835,4.22,4.56,310,360,3,0 ,0 ,0 ,0 ,0 ,.000 ,0 ,0 ,0 ,0 ,0 
106,2018,2019,1062019,182,186,26,26.5,5694.38,5859.85,250,250,245,250,805,810,4.42,4.35,310,310,4,0 ,0 ,0 ,0 ,0 ,.000 ,0 ,0 ,0 ,0 ,0 
107,2018,2019,1072019,183,182,28.5,26.5,6092.16,5765.3,250,250,285,290,910,915,4.97,5.03,375,375,2,0 ,0 ,0 ,0 ,0 ,.000 ,0 ,0 ,0 ,0 ,0 
109,2018,2019,1092019,158,169,27,28,5345,5741.71,195,195,190,205,630,645,3.99,3.82,245,245,11,0 ,0 ,1 ,1 ,5 ,.000 ,0 ,0 ,1 ,1 ,0 
110,2015,2016,1102016,176,174,29,32,6035.65,6461.19,200,200,195,190,645,640,3.66,3.68,250,250,10,0 ,0 ,1 ,1 ,3 ,.000 ,0 ,0 ,3 ,2 ,0 
110,2016,2017,1102017,181,185,29.5,29.5,6213.45,6287.44,225,230,225,235,765,815,4.23,4.41,315,350,6,0 ,3 ,1 ,4 ,3 ,1.000 ,1 ,1 ,2 ,5 ,0 
110,2018,2019,1102019,187,188,29,31,6261.74,6596.81,225,225,245,255,785,795,4.20,4.23,315,315,15,5 ,21 ,7 ,28 ,51 ,.412 ,2 ,0 ,13 ,8 ,0 
114,2015,2016,1142016,199,196,26,24.5,6033.51,5750.86,200,200,225,235,785,795,3.94,4.06,360,360,5,0 ,0 ,0 ,0 ,0 ,.000 ,0 ,0 ,0 ,0 ,0 
114,2016,2017,1142017,202,202,22.5,26.5,5557.61,6182.54,215,230,245,260,835,915,4.13,4.53,375,425,4,0 ,0 ,0 ,0 ,0 ,.000 ,0 ,0 ,2 ,0 ,0 
114,2017,2018,1142018,208,209,23.5,22.5,5835.1,5711.76,245,245,260,260,935,935,4.50,4.47,430,430,12,0 ,0 ,0 ,0 ,0 ,.000 ,0 ,0 ,3 ,0 ,0 
114,2018,2019,1142019,215,205,25,26,6208.19,6158.89,245,245,260,260,935,935,4.35,4.56,430,430,18,18 ,0 ,0 ,0 ,0 ,.000 ,0 ,0 ,33 ,4 ,7 
115,2016,2017,1152017,196,200,30.5,31.5,6675.93,6910.27,290,290,305,320,1100,1115,5.61,5.58,505,505,18,18 ,0 ,0 ,0 ,0 ,.000 ,0 ,0 ,28 ,8 ,9 
115,2017,2018,1152018,208,209,28.5,32,6606,7166.17,285,310,330,340,1070,1165,5.14,5.57,455,515,20,19 ,0 ,0 ,0 ,1 ,.000 ,0 ,0 ,26 ,2 ,22 
115,2018,2019,1152019,208,207,30,31,6835.21,6979.11,330,330,335,350,1120,1135,5.38,5.48,455,455,18,18 ,0 ,0 ,0 ,1 ,.000 ,0 ,0 ,38 ,8 ,26 
116,2018,2019,1162019,194,192,23.5,25.5,5545.3,5831.05,225,225,255,265,845,855,4.36,4.45,365,365,13,0 ,1 ,0 ,1 ,2 ,.500 ,0 ,0 ,23 ,3 ,2 
117,2016,2017,1172017,159,161,27,29,5371.72,5717.07,230,230,230,245,810,825,5.09,5.12,350,350,8,0 ,2 ,1 ,3 ,3 ,.667 ,0 ,0 ,3 ,0 ,0 
117,2017,2018,1172018,166,169,27.5,27,5592.68,5593.69,225,245,250,260,840,915,5.06,5.41,365,410,7,0 ,1 ,0 ,1 ,2 ,.500 ,0 ,0 ,1 ,0 ,1 
117,2018,2019,1172019,165,164,29.5,30,5876.37,5930.85,250,250,275,265,890,880,5.39,5.37,365,365,5,0 ,1 ,0 ,1 ,1 ,1.000 ,0 ,0 ,2 ,0 ,0 
119,2018,2019,1192019,212,214,26.5,27,6383.96,6506.27,245,245,245,275,880,910,4.15,4.25,390,390,18,10 ,12 ,7 ,19 ,41 ,.293 ,2 ,0 ,7 ,12 ,0 
120,2016,2017,1202017,184,181,30.5,30.5,6429.29,6355.3,275,275,305,290,1080,1065,5.87,5.88,500,500,7,0 ,0 ,0 ,0 ,0 ,.000 ,0 ,0 ,2 ,0 ,0 
120,2017,2018,1202018,183,181,30,31,6327.54,6440.61,275,280,325,325,1100,1105,6.01,6.10,500,500,15,0 ,0 ,0 ,0 ,0 ,.000 ,0 ,0 ,5 ,1 ,2 
120,2018,2019,1202019,184,184,29,28.5,6195.97,6114.77,285,285,325,330,1110,1115,6.03,6.06,500,500,18,0 ,0 ,0 ,0 ,0 ,.000 ,0 ,0 ,10 ,3 ,5 
121,2016,2017,1212017,186,191,27.5,28.5,5597.59,6256.59,275,275,235,250,945,960,5.08,5.03,435,435,18,0 ,2 ,0 ,2 ,4 ,.500 ,0 ,0 ,22 ,1 ,7 
121,2017,2018,1212018,193,199,28.5,32,6305.91,6968.86,285,290,275,275,1010,1020,5.23,5.13,450,455,20,0 ,0 ,0 ,0 ,1 ,.000 ,0 ,0 ,31 ,3 ,7 
121,2018,2019,1212019,203,201,28.5,28.5,6505.28,6505.28,285,285,275,295,1010,1030,4.98,5.12,450,450,18,0 ,0 ,0 ,0 ,1 ,.000 ,0 ,0 ,24 ,4 ,12 
122,2016,2017,1222017,207,208,26.5,26,6285.31,6228.77,205,245,210,225,785,855,3.79,4.11,370,385,18,2 ,12 ,11 ,23 ,43 ,.279 ,0 ,0 ,7 ,8 ,0 
122,2017,2018,1222018,207,214,26.5,27.5,6293.53,6573.08,245,245,220,240,860,895,4.15,4.18,395,410,20,9 ,19 ,6 ,25 ,48 ,.396 ,4 ,0 ,5 ,9 ,0 
122,2018,2019,1222019,213,212,25.5,27,6244.17,6461.05,255,255,235,235,885,885,4.15,4.17,395,395,18,6 ,10 ,3 ,13 ,33 ,.303 ,2 ,0 ,10 ,16 ,0 
123,2016,2017,1232017,175,176,24.5,25,5308.96,5418.94,225,225,235,235,820,820,4.69,4.66,360,360,18,14 ,29 ,8 ,37 ,84 ,.345 ,2 ,0 ,15 ,20 ,2 
123,2017,2018,1232018,184,181,23.5,25.5,5356.21,5598.79,235,240,260,260,905,935,4.92,5.17,410,435,20,19 ,15 ,11 ,26 ,46 ,.326 ,2 ,0 ,21 ,8 ,4 
123,2018,2019,1232019,184,182,23,25,5268.84,5531.98,255,255,260,255,925,920,5.03,5.05,410,410,17,16 ,26 ,11 ,37 ,75 ,.347 ,3 ,0 ,31 ,15 ,1 
124,2018,2019,1242019,211,204,23.5,21.5,5911.15,5452.76,275,275,275,275,940,940,4.45,4.61,390,390,3,0 ,0 ,0 ,0 ,0 ,.000 ,0 ,0 ,0 ,0 ,0 
125,2015,2016,1252016,185,180,22,27.5,5139.33,5874.26,200,200,145,170,585,610,3.16,3.39,240,240,3,0 ,0 ,0 ,0 ,0 ,.000 ,0 ,0 ,0 ,0 ,0 
125,2016,2017,1252017,190,187,26,28,5862.92,6093.17,215,230,215,225,695,730,3.66,3.90,265,275,4,0 ,0 ,0 ,0 ,0 ,.000 ,0 ,0 ,0 ,0 ,0 
125,2017,2018,1252018,181,180,26.5,26.5,5750.92,5750.92,225,225,235,240,755,760,4.17,4.22,295,295,4,0 ,0 ,0 ,0 ,0 ,.000 ,0 ,0 ,0 ,0 ,0 
125,2018,2019,1252019,186,182,26.5,26.5,5750.92,5750.92,225,225,225,250,745,770,4.01,4.23,295,295,7,0 ,0 ,0 ,0 ,0 ,.000 ,0 ,0 ,2 ,0 ,1 
126,2017,2018,1262018,194,198,34,36.5,7182.67,7644.16,265,265,225,270,915,960,4.72,4.85,425,425,19,5 ,14 ,2 ,16 ,47 ,.298 ,0 ,0 ,5 ,3 ,0 
126,2018,2019,1262019,195,199,33.5,33.5,7117.91,7208.35,265,265,280,285,970,975,4.97,4.90,425,425,16,12 ,21 ,18 ,39 ,83 ,.253 ,0 ,0 ,9 ,14 ,0 
127,2017,2018,1272018,152,162,21.5,21.5,4589.51,4589.51,155,155,205,205,640,640,4.21,3.95,280,280,6,0 ,2 ,0 ,2 ,4 ,.500 ,0 ,0 ,1 ,1 ,0 
127,2018,2019,1272019,169,173,21.5,21.5,4589.51,4589.51,155,155,225,225,660,660,3.91,3.82,280,280,4,0 ,1 ,0 ,1 ,3 ,.333 ,0 ,0 ,0 ,0 ,0 
128,2015,2016,1282016,185,189,30,32,6380.98,6755.1,260,260,225,240,860,875,4.65,4.63,375,375,19,0 ,2 ,1 ,3 ,7 ,.286 ,0 ,0 ,18 ,11 ,1 
128,2016,2017,1282017,185,190,29,32.5,6208.3,6858.91,260,260,235,235,930,930,5.03,4.89,435,435,18,9 ,10 ,2 ,12 ,42 ,.238 ,0 ,0 ,5 ,12 ,0 
128,2017,2018,1282018,198,197,30,35,6635.84,7382.07,260,260,275,285,975,1000,4.92,5.08,440,455,20,0 ,3 ,0 ,3 ,8 ,.375 ,0 ,0 ,23 ,6 ,9 
128,2018,2019,1282019,197,195,33,30.5,7071.65,6657.43,260,260,275,275,975,975,4.95,5.00,440,440,17,0 ,3 ,2 ,5 ,6 ,.500 ,0 ,0 ,15 ,4 ,6 
129,2016,2017,1292017,192,198,28,25.5,6216.49,5950.26,245,245,275,295,915,935,4.77,4.72,395,395,18,17 ,19 ,1 ,20 ,78 ,.244 ,0 ,0 ,7 ,10 ,1 
129,2017,2018,1292018,199,200,27.5,30,6268.89,6672.84,265,265,305,315,980,1020,4.92,5.10,410,440,20,3 ,12 ,2 ,14 ,38 ,.316 ,0 ,0 ,5 ,8 ,0 
129,2018,2019,1292019,196,184,26.5,28.5,6053.05,6122.99,265,265,295,295,970,970,4.95,5.27,410,410,18,8 ,14 ,5 ,19 ,67 ,.209 ,0 ,0 ,10 ,11 ,2 
130,2017,2018,1302018,172,181,29.5,29,6028.47,6126.08,260,260,230,255,820,845,4.77,4.67,330,330,20,19 ,48 ,12 ,60 ,111 ,.432 ,2 ,0 ,20 ,13 ,3 
130,2018,2019,1302019,174,180,31,30,6307.01,6259.71,275,275,245,245,850,850,4.89,4.72,330,330,18,18 ,42 ,17 ,59 ,118 ,.356 ,4 ,0 ,35 ,27 ,2 
131,2017,2018,1312018,230,235,28.5,30.5,7062.29,7485.74,285,285,255,260,925,930,4.02,3.96,385,385,6,0 ,0 ,0 ,0 ,0 ,.000 ,0 ,0 ,1 ,0 ,0 
131,2018,2019,1312019,237,240,30.5,30,7510.41,7501.14,285,285,245,275,915,945,3.86,3.94,385,385,17,0 ,2 ,0 ,2 ,2 ,1.000 ,0 ,0 ,6 ,0 ,1 
132,2014,2015,1322015,206,208,26,27,6187.67,6387.06,260,260,245,285,895,935,4.34,4.50,390,390,13,0 ,3 ,2 ,5 ,21 ,.143 ,0 ,0 ,4 ,6 ,1 
132,2015,2016,1322016,221,227,29.5,31.5,7027.37,7459.05,290,315,295,305,990,1120,4.48,4.93,405,500,5,0 ,1 ,0 ,1 ,10 ,.100 ,0 ,0 ,0 ,6 ,0 
132,2016,2017,1322017,218,228,29.5,31.5,7052.06,7052.06,290,315,300,300,995,1020,4.56,4.47,405,405,4,0 ,0 ,0 ,0 ,0 ,.000 ,0 ,0 ,2 ,1 ,0 
132,2017,2018,1322018,214,201,30.5,30.5,7052.06,7052.06,300,320,285,285,995,1015,4.65,5.05,410,410,13,2 ,4 ,1 ,5 ,10 ,.400 ,0 ,0 ,3 ,5 ,0 
132,2018,2019,1322019,213,207,33,32,7410.79,7141.51,305,325,300,290,1015,1025,4.77,4.95,410,410,18,11 ,15 ,10 ,25 ,46 ,.326 ,0 ,0 ,2 ,17 ,1 
133,2017,2018,1332018,184,187,26.5,25,5814.63,5647.08,215,215,265,280,840,855,4.57,4.57,360,360,4,0 ,0 ,0 ,0 ,0 ,.000 ,0 ,0 ,2 ,1 ,1 
133,2018,2019,1332019,195,195,25,25.5,5807.4,5876.57,250,250,300,300,910,910,4.67,4.67,360,360,2,0 ,0 ,0 ,0 ,0 ,.000 ,0 ,0 ,0 ,0 ,0 
134,2015,2016,1342016,158,166,29,30.5,5669.8,6059.33,215,215,225,250,810,835,5.13,5.03,370,370,3,0 ,0 ,0 ,0 ,1 ,.000 ,0 ,0 ,1 ,2 ,0 
134,2016,2017,1342017,177,176,28.5,30,5975,6179.55,255,255,245,245,890,935,5.03,5.31,390,435,2,0 ,0 ,0 ,0 ,2 ,.000 ,0 ,0 ,2 ,3 ,0 
134,2018,2019,1342019,168,166,27,28.5,5566.97,5755.08,255,255,275,275,920,920,5.48,5.54,390,390,1,0 ,0 ,0 ,0 ,1 ,.000 ,0 ,0 ,0 ,0 ,0 
135,2017,2018,1352018,188,199,35,33.5,7199.14,7189.85,300,300,235,250,945,960,5.03,4.82,410,410,3,0 ,0 ,0 ,0 ,0 ,.000 ,0 ,0 ,0 ,0 ,0 
135,2018,2019,1352019,194,201,32.5,33.5,6941.13,7233.01,295,295,245,275,950,980,4.90,4.88,410,410,4,0 ,0 ,0 ,0 ,0 ,.000 ,0 ,0 ,0 ,1 ,0 
136,2015,2016,1362016,193,203,28.5,29.5,6312.08,6659.46,275,275,255,255,915,915,4.74,4.51,385,385,19,0 ,9 ,5 ,14 ,34 ,.265 ,0 ,0 ,7 ,14 ,3 
136,2016,2017,1362017,209,209,29.5,29.5,6791.01,6791.01,285,290,265,275,960,975,4.59,4.67,410,410,18,18 ,20 ,19 ,39 ,58 ,.345 ,6 ,0 ,16 ,20 ,1 
136,2017,2018,1362018,211,207,28.5,32,6677.93,7137.4,285,295,280,295,970,1025,4.60,4.95,405,435,20,19 ,29 ,36 ,65 ,99 ,.293 ,2 ,0 ,27 ,16 ,6 
136,2018,2019,1362019,213,210,29.5,29.5,6862.94,6807.45,300,300,265,290,970,995,4.55,4.74,405,405,17,16 ,29 ,28 ,57 ,88 ,.330 ,3 ,0 ,30 ,22 ,5 
137,2018,2019,1372019,189,200,27,28.5,5992.43,6441.578,255,255,225,265,880,920,4.66,4.60,400,400,2,0 ,0 ,0 ,0 ,0 ,.000 ,0 ,0 ,0 ,0 ,0 
138,2016,2017,1382017,214,218,24,24.5,6043.74,6192.76,225,225,240,240,820,820,3.83,3.76,355,355,9,0 ,1 ,0 ,1 ,3 ,.333 ,0 ,1 ,8 ,2 ,1 
138,2017,2018,1382018,219,218,23,26.5,5990.27,6517.56,250,255,265,285,925,1000,4.22,4.59,410,460,17,0 ,6 ,5 ,11 ,9 ,.667 ,0 ,0 ,82 ,10 ,3 
138,2018,2019,1382019,224,225,25,24,6409.62,6278.05,250,250,285,290,945,950,4.22,4.22,410,410,18,0 ,4 ,2 ,6 ,8 ,.500 ,0 ,0 ,98 ,8 ,4 
139,2017,2018,1392018,155,161,28,29.5,5439.57,5792.1,185,185,185,200,615,630,3.97,3.91,245,245,15,0 ,0 ,0 ,0 ,0 ,.000 ,0 ,0 ,39 ,1 ,0 
139,2018,2019,1392019,163,169,31,31.5,6074.75,6269,185,185,205,205,635,635,3.90,3.76,245,245,6,0 ,0 ,0 ,0 ,0 ,.000 ,0 ,0 ,13 ,4 ,0 
141,2015,2016,1412016,173,178,29,27.5,5963.71,5849.6,250,250,305,325,985,1005,5.69,5.65,430,430,4,0 ,0 ,0 ,0 ,0 ,.000 ,0 ,0 ,1 ,0 ,1 
141,2016,2017,1412017,174,174,29,27.5,5963.71,5849.6,250,250,315,320,995,1000,5.72,5.75,430,430,4,0 ,0 ,0 ,0 ,0 ,.000 ,0 ,0 ,2 ,1 ,0 
141,2018,2019,1412019,178,178,25.5,26,5535.08,5618.33,230,230,325,315,995,985,5.59,5.53,440,440,3,0 ,0 ,0 ,0 ,0 ,.000 ,0 ,0 ,1 ,0 ,0 
142,2016,2017,1422017,197,193,22.5,24,5458.95,5605.95,235,240,230,235,850,870,4.31,4.51,385,395,7,0 ,0 ,0 ,0 ,0 ,.000 ,0 ,0 ,2 ,2 ,0 
142,2017,2018,1422018,184,182,22.5,24,5458.95,5383.97,240,240,235,240,865,920,4.70,5.05,390,440,10,0 ,0 ,0 ,0 ,0 ,.000 ,0 ,0 ,9 ,1 ,0 
142,2018,2019,1422019,187,182,23,25,5326.39,5542.26,240,240,230,230,860,860,4.60,4.73,390,390,18,18 ,0 ,0 ,0 ,1 ,.000 ,0 ,0 ,43 ,8 ,9 
144,2018,2019,1442019,185,175,33,33.5,6835.29,6710.95,265,265,285,285,950,950,5.14,5.43,400,400,3,0 ,0 ,0 ,0 ,0 ,.000 ,0 ,0 ,0 ,0 ,0 
145,2016,2017,1452017,183,184,25.5,27,5627.57,5895.83,275,275,240,260,900,920,4.92,5.00,385,385,18,8 ,12 ,7 ,19 ,53 ,.226 ,0 ,0 ,3 ,6 ,0 
145,2017,2018,1452018,187,187,30,32,6403.58,6720.16,275,280,285,285,990,995,5.29,5.32,430,430,20,0 ,16 ,3 ,19 ,35 ,.457 ,0 ,0 ,8 ,8 ,0 
145,2018,2019,1452019,191,186,29.5,29,6412.82,6230.91,275,275,290,285,995,990,5.21,5.32,430,430,18,6 ,8 ,8 ,16 ,41 ,.195 ,1 ,0 ,10 ,22 ,0 
146,2014,2015,1462015,199,201,24.5,26,5816.63,6089.01,235,235,210,240,770,800,3.87,3.98,325,325,14,0 ,0 ,2 ,2 ,1 ,.000 ,0 ,0 ,11 ,1 ,5 
146,2015,2016,1462016,203,207,27,27,6286.35,6354.18,260,275,245,260,890,955,4.38,4.61,385,420,11,0 ,2 ,0 ,2 ,2 ,1.000 ,0 ,0 ,10 ,2 ,4 
146,2016,2017,1462017,208,208,28,27,6530.96,6382.95,265,295,265,295,925,1045,4.45,5.02,395,455,4,0 ,0 ,1 ,1 ,1 ,.000 ,0 ,0 ,9 ,1 ,3 
146,2017,2018,1462018,212,203,29,26.5,6769.41,6203.09,285,275,275,300,990,1010,4.67,4.98,430,435,20,0 ,1 ,2 ,3 ,4 ,.250 ,0 ,0 ,45 ,5 ,22 
146,2018,2019,1462019,210,207,27,27,6430.22,6430.22,285,285,305,315,1020,1030,4.86,4.98,430,430,18,0 ,2 ,1 ,3 ,6 ,.333 ,0 ,0 ,33 ,4 ,13 
147,2017,2018,1472018,189,187,25.5,24,5750.89,5486.74,235,235,235,245,830,840,4.39,4.49,360,360,1,0 ,0 ,0 ,0 ,0 ,.000 ,0 ,0 ,0 ,0 ,0 
147,2018,2019,1472019,193,192,24,25,5618.28,5737.52,235,235,255,260,850,855,4.40,4.45,360,360,1,0 ,0 ,0 ,0 ,0 ,.000 ,0 ,0 ,0 ,0 ,0 
148,2016,2017,1482017,187,187,22,26,5172.21,5801.26,245,260,245,245,860,900,4.60,4.81,370,395,18,2 ,7 ,8 ,15 ,12 ,.583 ,1 ,0 ,22 ,6 ,5 
148,2017,2018,1482018,195,190,26,26,5955.41,5955.41,275,275,270,270,1000,1000,5.13,5.26,455,455,18,0 ,1 ,0 ,1 ,2 ,.500 ,0 ,0 ,15 ,6 ,13 
149,2017,2018,1492018,193,189,31,32,6681.08,6769.49,265,265,275,275,980,1015,5.08,5.37,440,475,20,18 ,28 ,10 ,38 ,106 ,.264 ,6 ,0 ,19 ,21 ,2 
150,2015,2016,1502016,190,197,26.5,28,5940.01,6302.82,275,285,300,300,1000,1035,5.26,5.25,425,450,19,19 ,0 ,0 ,0 ,0 ,.000 ,0 ,0 ,30 ,6 ,5 
150,2016,2017,1502017,204,197,27,25,6292.51,5842.34,275,275,300,300,1000,1000,4.90,5.08,425,425,18,18 ,0 ,0 ,0 ,0 ,.000 ,0 ,0 ,31 ,7 ,3 
150,2017,2018,1502018,199,198,29,30,6510.44,6629.67,275,275,300,300,1035,1035,5.20,5.23,460,460,20,20 ,0 ,0 ,0 ,0 ,.000 ,0 ,0 ,38 ,6 ,2 
151,2014,2015,1512015,199,201,24,27.5,5737.49,6318.22,240,240,225,255,840,870,4.22,4.33,375,375,4,0 ,1 ,0 ,1 ,1 ,1.000 ,0 ,0 ,1 ,2 ,0 
151,2015,2016,1512016,195,200,30,29.5,6582.4,6601.91,245,260,270,280,885,930,4.54,4.65,370,390,12,0 ,2 ,0 ,2 ,4 ,.500 ,0 ,0 ,5 ,1 ,0 
151,2016,2017,1512017,198,205,30,30.5,6639.95,6852.69,270,270,280,315,960,1035,4.85,5.05,410,450,10,0 ,2 ,3 ,5 ,7 ,.286 ,0 ,0 ,2 ,2 ,0 
151,2017,2018,1512018,203,200,29.5,31.5,6665.63,6918.49,265,285,265,315,925,1035,4.56,5.18,395,435,13,2 ,2 ,1 ,3 ,5 ,.400 ,0 ,0 ,4 ,6 ,0 
152,2014,2015,1522015,171,174,27,28,5616.3,5830.09,240,240,210,245,780,815,4.56,4.68,330,330,14,0 ,0 ,0 ,0 ,2 ,.000 ,0 ,0 ,4 ,3 ,0 
152,2015,2016,1522016,177,184,27.5,27,5820.82,5891.72,260,265,250,300,885,1000,5.00,5.43,375,435,8,0 ,0 ,0 ,0 ,8 ,.000 ,0 ,0 ,8 ,5 ,0 
152,2016,2017,1522017,178,183,23.5,28.5,5318.2,6100.38,260,260,285,285,920,920,5.17,5.03,375,375,7,0 ,2 ,0 ,2 ,5 ,.400 ,0 ,0 ,4 ,2 ,0 
152,2017,2018,1522018,179,179,24,27.4,5318.2,5791.01,260,260,260,300,900,940,5.03,5.25,380,380,14,3 ,3 ,1 ,4 ,7 ,.429 ,0 ,0 ,6 ,2 ,0 
153,2014,2015,1532015,178,179,24.5,24.5,5389.12,5395.29,200,200,230,255,730,755,4.10,4.22,300,300,18,18 ,52 ,18 ,70 ,132 ,.394 ,3 ,0 ,29 ,25 ,5 
153,2015,2016,1532016,185,185,27.5,26,5989.36,5764.26,230,230,260,270,820,830,4.43,4.49,330,330,19,19 ,43 ,28 ,71 ,104 ,.413 ,2 ,0 ,25 ,29 ,4 
153,2016,2017,1532017,184,189,25.5,26,5562.51,5832.09,230,230,245,265,805,825,4.38,4.37,330,330,18,18 ,51 ,46 ,97 ,118 ,.432 ,6 ,0 ,24 ,38 ,3 
153,2017,2018,1532018,187,187,26,25.5,5801.26,5711.84,230,230,245,275,815,845,4.36,4.52,340,340,20,20 ,66 ,47 ,113 ,134 ,.493 ,4 ,0 ,33 ,47 ,5 
154,2014,2015,1542015,218,214,22.5,23.5,5996.74,5964.59,230,230,240,255,810,825,3.72,3.86,340,340,4,0 ,0 ,0 ,0 ,0 ,.000 ,0 ,0 ,1 ,1 ,0 
154,2015,2016,1542016,219,219,24.5,23.5,6217.43,6065.3,245,250,235,255,840,915,3.84,4.18,360,410,6,0 ,0 ,0 ,0 ,0 ,.000 ,0 ,0 ,1 ,0 ,0 
154,2016,2017,1542017,217,219,27,28.5,6578.21,6836.2,240,260,255,265,870,950,4.01,4.34,375,425,6,0 ,0 ,0 ,0 ,1 ,.000 ,0 ,0 ,3 ,1 ,1 
154,2017,2018,1542018,227,229,25.5,29.5,6536.03,7212.35,255,270,260,275,930,1000,4.10,4.37,415,455,18,1 ,0 ,0 ,0 ,0 ,.000 ,0 ,0 ,4 ,0 ,0 
155,2017,2018,1552018,206,199,26,29.5,6177.39,6589.58,275,300,275,290,1000,1065,4.85,5.35,450,475,20,20 ,0 ,0 ,0 ,0 ,.000 ,0 ,0 ,36 ,4 ,14 
157,2014,2015,1572015,155,162,25.5,24.5,5064.4,5056.15,210,210,200,225,740,765,4.77,4.72,330,330,2,0 ,0 ,0 ,0 ,0 ,.000 ,0 ,0 ,0 ,0 ,0 
157,2015,2016,1572016,154,162,24,26.5,4808.47,5350.12,200,230,215,230,750,795,4.87,4.91,335,335,6,0 ,0 ,0 ,0 ,0 ,.000 ,0 ,0 ,0 ,0 ,0 
157,2016,2017,1572017,164,160,25.5,24.5,5255.55,5017.1,210,230,230,235,795,835,4.85,5.22,355,370,3,0 ,0 ,0 ,0 ,0 ,.000 ,0 ,0 ,2 ,1 ,0 
157,2017,2018,1572018,161,161,24.5,26.5,5029.43,5329.57,215,225,235,250,780,855,4.84,5.31,330,380,6,0 ,0 ,0 ,0 ,0 ,.000 ,0 ,0 ,0 ,0 ,0 
158,2014,2015,1582015,182,185,24,26,5390.13,5762.21,230,230,205,220,745,760,4.09,4.11,310,310,16,9 ,0 ,0 ,0 ,0 ,.000 ,0 ,0 ,18 ,2 ,5 
158,2015,2016,1582016,196,196,26.5,29.5,6057.16,6527.92,240,255,235,250,820,890,4.18,4.54,345,385,19,13 ,1 ,0 ,1 ,1 ,1.000 ,0 ,0 ,41 ,3 ,12 
158,2016,2017,1582017,207,206,28.5,32,6593.66,7103.57,245,260,255,255,895,940,4.32,4.56,395,425,17,0 ,1 ,0 ,1 ,4 ,.250 ,0 ,0 ,24 ,4 ,8 
158,2017,2018,1582018,211,203,29.5,31,6819.78,6888.67,260,280,255,265,925,970,4.38,4.78,410,425,20,1 ,1 ,1 ,2 ,4 ,.250 ,0 ,0 ,56 ,7 ,12 
159,2014,2015,1592015,184,181,24.5,26.5,5510.39,5740.64,225,225,205,230,770,795,4.18,4.39,340,340,7,2 ,1 ,1 ,2 ,8 ,.125 ,0 ,0 ,6 ,6 ,1 
159,2015,2016,1592016,187,192,25,25.5,5649.14,5831.05,230,270,240,245,860,920,4.60,4.79,390,405,8,0 ,0 ,0 ,0 ,1 ,.000 ,0 ,0 ,0 ,4 ,0 
159,2016,2017,1592017,196,203,25.5,26.5,5913.26,6192.82,270,295,250,265,960,1050,4.90,5.17,440,490,18,2 ,10 ,9 ,19 ,20 ,.500 ,3 ,0 ,5 ,8 ,0 
159,2017,2018,1592018,195,194,26.5,28,6038.67,6243.21,285,300,260,280,1000,1070,5.13,5.52,455,490,19,1 ,1 ,10 ,11 ,8 ,.125 ,0 ,0 ,6 ,8 ,1 
160,2014,2015,1602015,186,186,29.5,31,6308,6541.32,255,255,225,245,865,885,4.65,4.76,385,385,2,0 ,0 ,0 ,0 ,0 ,.000 ,0 ,0 ,0 ,0 ,0 
160,2015,2016,1602016,185,197,33.5,35.5,6912.38,7465.32,275,295,255,270,925,1000,5.00,5.08,395,435,9,0 ,0 ,0 ,0 ,0 ,.000 ,0 ,0 ,4 ,2 ,1 
160,2016,2017,1602017,195,199,32.5,36,6959.62,7589.68,300,315,275,285,995,1075,5.10,5.40,420,475,4,0 ,0 ,0 ,0 ,0 ,.000 ,0 ,0 ,0 ,1 ,1 
160,2017,2018,1602018,200,197,36.5,37.5,7685.27,7779.84,315,320,305,295,1110,1130,5.55,5.74,490,515,5,0 ,0 ,0 ,0 ,0 ,.000 ,0 ,0 ,0 ,0 ,0 
161,2013,2014,1612014,197,196,24.5,26.5,5742.64,5987.28,210,210,245,250,740,745,3.76,3.80,285,285,19,4 ,7 ,6 ,13 ,37 ,.189 ,4 ,0 ,9 ,7 ,0 
161,2014,2015,1612015,196,193,24.5,26.5,5742.64,5987.28,230,235,260,255,795,810,4.06,4.20,305,320,18,18 ,47 ,13 ,60 ,112 ,.420 ,5 ,1 ,39 ,17 ,4 
161,2015,2016,1612016,193,196,26.5,29,5993.45,6446.72,240,275,250,285,845,925,4.38,4.72,355,365,19,19 ,45 ,14 ,59 ,105 ,.429 ,6 ,0 ,39 ,17 ,9 
161,2016,2017,1612017,208,202,26.5,29,5993.45,6565.93,240,240,275,285,870,880,4.18,4.36,355,355,18,18 ,47 ,18 ,65 ,111 ,.423 ,6 ,0 ,33 ,15 ,7 
162,2013,2014,1622014,209,213,25.5,24.5,6215.4,5905.01,235,235,255,260,820,825,3.92,3.87,330,330,9,1 ,0 ,0 ,0 ,0 ,.000 ,0 ,0 ,3 ,1 ,1 
162,2014,2015,1622015,211,204,25.5,24.5,6215.4,5905.01,240,250,285,295,870,915,4.12,4.49,345,370,18,18 ,0 ,0 ,0 ,2 ,.000 ,0 ,0 ,30 ,5 ,15 
162,2015,2016,1622016,200,208,27.5,27.5,6299.72,6466.21,245,265,300,310,950,955,4.75,4.59,405,380,18,6 ,0 ,0 ,0 ,0 ,.000 ,0 ,0 ,20 ,4 ,6 
162,2016,2017,1622017,215,216,26,26.5,6378.81,6462.07,245,255,300,300,945,980,4.40,4.54,400,425,18,18 ,0 ,0 ,0 ,0 ,.000 ,0 ,0 ,24 ,4 ,8 
163,2013,2014,1632014,186,186,20,22.5,4946.07,5395.23,200,200,195,210,685,700,3.68,3.76,290,290,2,0 ,0 ,0 ,0 ,0 ,.000 ,0 ,0 ,0 ,0 ,0 
163,2014,2015,1632015,191,194,20,22.5,4946.07,5395.23,215,230,225,245,760,805,3.98,4.15,320,330,2,0 ,0 ,0 ,0 ,0 ,.000 ,0 ,0 ,0 ,0 ,0 
163,2015,2016,1632016,195,193,26,25.5,5965.69,5851.6,235,240,225,235,825,825,4.23,4.27,365,350,12,0 ,1 ,0 ,1 ,3 ,.333 ,0 ,0 ,21 ,3 ,1 
163,2016,2017,1632017,201,205,26,25.5,6080.79,6079.75,250,260,245,245,870,900,4.33,4.39,375,395,10,0 ,0 ,0 ,0 ,0 ,.000 ,0 ,0 ,2 ,0 ,0 
164,2013,2014,1642014,186,188,27.5,33.5,6168.18,7011.04,275,275,255,265,965,975,5.19,5.19,435,435,11,0 ,0 ,0 ,0 ,0 ,.000 ,0 ,0 ,5 ,2 ,4 
164,2014,2015,1642015,194,190,27.5,33.5,6168.18,7011.04,300,305,300,300,1010,1080,5.21,5.68,410,475,18,15 ,0 ,0 ,0 ,0 ,.000 ,0 ,0 ,24 ,7 ,12 
164,2015,2016,1642016,196,192,32,33,6903.09,6983.27,330,335,320,320,1115,1115,5.69,5.81,465,460,19,19 ,0 ,0 ,0 ,2 ,.000 ,0 ,0 ,36 ,7 ,21 
164,2016,2017,1642017,191,196,30,31.5,6502.24,6828.06,275,315,295,295,1000,1110,5.24,5.66,430,500,18,0 ,0 ,0 ,0 ,2 ,.000 ,0 ,0 ,31 ,1 ,19 
165,2014,2015,1652015,193,187,22,22,5305.81,5305.81,205,205,245,265,775,795,4.02,4.25,325,325,15,0 ,2 ,0 ,2 ,2 ,1.000 ,0 ,0 ,63 ,6 ,1 
165,2015,2016,1652016,195,208,25,28,5799.18,6528.91,225,240,250,295,855,945,4.38,4.54,380,410,16,0 ,3 ,1 ,4 ,10 ,.300 ,0 ,0 ,153 ,16 ,0 
165,2016,2017,1652017,210,214,25,28,5799.18,6528.91,225,225,290,305,895,910,4.26,4.25,380,380,17,0 ,0 ,4 ,4 ,6 ,.000 ,0 ,0 ,123 ,12 ,1 
166,2013,2014,1662014,176,172,25,28,5799.18,6528.91,215,215,255,265,855,865,4.86,5.03,385,385,9,0 ,0 ,0 ,0 ,2 ,.000 ,0 ,0 ,1 ,3 ,0 
166,2014,2015,1662015,165,167,25.5,28,5265.8254,6019.21,225,235,280,290,895,920,5.42,5.51,390,395,4,0 ,0 ,0 ,0 ,3 ,.000 ,0 ,0 ,0 ,0 ,0 
166,2015,2016,1662016,165,169,27,28,5495.04,5731.43,245,240,275,295,905,965,5.48,5.71,385,430,11,0 ,1 ,2 ,3 ,2 ,.500 ,0 ,0 ,2 ,2 ,0 
166,2016,2017,1662017,167,167,26,27.5,5388.13,5621.46,230,235,290,290,915,955,5.48,5.72,395,430,12,0 ,3 ,0 ,3 ,6 ,.500 ,0 ,0 ,4 ,1 ,0 
168,2013,2014,1682014,201,205,24,23.5,5988.24,5824.83,225,225,195,210,740,755,3.68,3.68,320,320,16,0 ,0 ,0 ,0 ,0 ,.000 ,0 ,0 ,5 ,1 ,2 
168,2014,2015,1682015,211,207,24,23.5,5988.24,5824.83,245,250,215,230,820,850,3.89,4.11,360,370,18,11 ,0 ,0 ,0 ,0 ,.000 ,0 ,0 ,28 ,7 ,9 
168,2015,2016,1682016,202,207,26,24.5,6113.67,5966.67,260,270,235,230,860,870,4.26,4.20,365,370,15,4 ,1 ,0 ,1 ,1 ,1.000 ,0 ,0 ,39 ,9 ,6 
168,2016,2017,1682017,207,205,23,24,5739.52,5862.87,265,265,230,235,870,885,4.20,4.32,375,385,18,0 ,0 ,0 ,0 ,0 ,.000 ,0 ,0 ,15 ,0 ,3 
169,2013,2014,1692014,200,198,26.5,27.5,6225.7,6402.49,235,245,250,245,785,790,3.93,3.99,300,300,20,0 ,3 ,0 ,3 ,7 ,.429 ,0 ,0 ,7 ,6 ,4 
169,2014,2015,1692015,204,205,26.5,27.5,6225.7,6402.49,235,245,275,300,840,915,4.12,4.46,330,370,18,2 ,3 ,4 ,7 ,12 ,.250 ,0 ,0 ,20 ,10 ,6 
169,2015,2016,1692016,212,213,28.5,29,6690.26,6794.07,265,265,290,290,940,940,4.43,4.41,385,385,15,0 ,2 ,1 ,3 ,3 ,.667 ,0 ,0 ,22 ,8 ,7 
169,2016,2017,1692017,214,213,28,28.5,6662.5,6716.99,250,275,290,290,910,920,4.25,4.32,370,355,18,0 ,1 ,0 ,1 ,3 ,.333 ,0 ,0 ,24 ,5 ,7 
170,2012,2013,1702013,186,195,22.5,24.5,5524.72,5685.09,220,220,190,205,755,770,4.06,3.95,345,345,10,0 ,0 ,0 ,0 ,0 ,.000 ,0 ,0 ,1 ,0 ,0 
170,2013,2014,1702014,196,197,22.5,24.5,5524.72,5685.09,225,240,225,245,790,830,4.03,4.21,340,345,20,18 ,0 ,0 ,0 ,1 ,.000 ,0 ,0 ,32 ,7 ,2 
170,2014,2015,1702015,200,193,22.5,24.5,5524.72,5685.09,255,260,260,250,865,880,4.33,4.56,350,370,13,9 ,0 ,0 ,0 ,0 ,.000 ,0 ,0 ,5 ,1 ,2 
170,2015,2016,1702016,184,191,24.5,24.5,5512.44,5512.44,255,265,235,235,865,875,4.70,4.58,375,375,9,0 ,0 ,0 ,0 ,0 ,.000 ,0 ,0 ,0 ,0 ,0 
172,2013,2014,1722014,217,212,29.5,29.5,6904.05,6904.05,315,300,375,380,1150,1150,5.30,5.42,460,470,11,0 ,0 ,0 ,0 ,0 ,.000 ,0 ,0 ,5 ,1 ,2 
172,2014,2015,1722015,215,215,29.5,29.5,6904.05,6904.05,310,310,365,365,1115,1115,5.19,5.19,440,440,3,0 ,0 ,0 ,0 ,0 ,.000 ,0 ,0 ,1 ,0 ,0 
172,2015,2016,1722016,219,220,29.5,29.5,6994.49,6994.49,300,305,335,335,1105,1110,5.05,5.05,470,470,15,12 ,0 ,0 ,0 ,0 ,.000 ,0 ,0 ,19 ,4 ,8 
173,2012,2013,1732013,162,168,29,29,6054.15,6054.15,230,230,205,195,780,770,4.81,4.58,345,345,5,0 ,0 ,0 ,0 ,0 ,.000 ,0 ,0 ,0 ,2 ,0 
173,2013,2014,1732014,172,173,29,29,6054.15,6054.15,255,265,235,225,810,845,4.71,4.88,320,355,18,2 ,7 ,10 ,17 ,25 ,.280 ,2 ,0 ,7 ,14 ,1 
173,2014,2015,1732015,177,172,29,29,6054.15,6054.15,275,275,245,270,880,905,4.97,5.26,360,360,15,10 ,14 ,7 ,21 ,47 ,.298 ,4 ,0 ,7 ,11 ,0 
173,2015,2016,1732016,178,176,31,31,6372.78,6372.78,280,285,275,275,970,975,5.45,5.54,415,415,19,19 ,26 ,14 ,40 ,69 ,.377 ,3 ,0 ,13 ,15 ,0 
174,2012,2013,1742013,206,198,21.5,20.5,5713.79,5391,230,230,170,185,680,695,3.30,3.51,280,280,6,0 ,2 ,0 ,2 ,6 ,.333 ,0 ,0 ,1 ,3 ,0 
174,2013,2014,1742014,200,201,21.5,20.5,5713.79,5391,215,235,170,185,650,695,3.25,3.46,265,275,8,0 ,2 ,0 ,2 ,5 ,.400 ,0 ,0 ,0 ,1 ,0 
174,2014,2015,1742015,217,209,21.5,20.5,5713.79,5391,250,265,205,220,760,785,3.50,3.76,305,300,8,0 ,1 ,1 ,2 ,8 ,.125 ,0 ,0 ,0 ,4 ,0 
174,2015,2016,1742016,196,200,21.5,21.5,5292.44,5292.44,245,255,200,200,830,840,4.23,4.20,385,385,6,0 ,1 ,1 ,2 ,8 ,.125 ,1 ,0 ,2 ,3 ,0 
175,2012,2013,1752013,175,178,25.5,28,5559.74,6045.9,195,195,220,230,685,695,3.91,3.90,270,270,8,0 ,0 ,0 ,0 ,0 ,.000 ,0 ,0 ,5 ,1 ,2 
175,2013,2014,1752014,180,182,25.5,28,5559.74,6045.9,195,205,235,245,685,755,3.81,4.15,255,305,18,5 ,0 ,0 ,0 ,0 ,.000 ,0 ,0 ,15 ,3 ,6 
175,2014,2015,1752015,179,184,25.5,28,5559.74,6045.9,200,225,245,270,720,805,4.02,4.38,275,310,18,0 ,0 ,2 ,2 ,1 ,.000 ,0 ,0 ,15 ,5 ,6 
175,2015,2016,1752016,185,188,28.5,28.5,6131.21,6131.21,225,230,250,250,800,805,4.32,4.28,325,325,19,3 ,2 ,2 ,4 ,3 ,.667 ,0 ,0 ,34 ,2 ,16 
176,2012,2013,1762013,240,235,27.5,30,7125.97,7414.82,240,240,255,295,870,910,3.63,3.87,375,375,18,5 ,16 ,5 ,21 ,55 ,.291 ,0 ,0 ,7 ,13 ,1 
176,2013,2014,1762014,241,238,27.5,30,7125.97,7414.82,255,285,275,305,895,1050,3.71,4.41,365,460,20,16 ,37 ,26 ,63 ,114 ,.325 ,3 ,0 ,14 ,27 ,2 
176,2014,2015,1762015,240,236,27.5,30,7125.97,7414.82,260,295,275,330,915,1090,3.81,4.62,380,465,18,18 ,40 ,37 ,77 ,135 ,.296 ,1 ,0 ,25 ,38 ,2 
176,2015,2016,1762016,239,247,29.5,29.5,7401.45,7401.45,285,315,295,295,1015,1045,4.25,4.23,435,435,19,19 ,33 ,37 ,70 ,123 ,.268 ,0 ,0 ,16 ,38 ,1 
177,2012,2013,1772013,194,186,23,24.5,5624.42,5726.2,255,255,300,295,915,910,4.72,4.89,360,360,9,0 ,0 ,0 ,0 ,1 ,.000 ,0 ,0 ,2 ,2 ,1 
177,2013,2014,1772014,193,196,23,24.5,5624.42,5726.2,260,260,325,315,900,930,4.66,4.74,315,355,9,0 ,1 ,0 ,1 ,1 ,1.000 ,0 ,0 ,0 ,1 ,1 
177,2014,2015,1772015,201,195,23,24.5,5624.42,5726.2,260,260,310,335,860,885,4.28,4.54,290,290,3,0 ,0 ,0 ,0 ,6 ,.000 ,0 ,0 ,0 ,0 ,0 
177,2015,2016,1772016,205,198,26.5,26.5,6240.09,6240.09,255,270,315,315,915,930,4.46,4.70,345,345,6,0 ,1 ,0 ,1 ,7 ,.143 ,0 ,0 ,0 ,1 ,0 
178,2012,2013,1782013,158,160,25.5,25.5,5331.6,5331.6,210,210,190,215,765,790,4.84,4.94,365,365,21,16 ,28 ,24 ,52 ,80 ,.350 ,0 ,0 ,23 ,19 ,2 
178,2013,2014,1782014,161,162,25.5,25.5,5331.6,5331.6,210,210,215,235,780,800,4.84,4.94,355,355,19,19 ,23 ,19 ,42 ,59 ,.390 ,0 ,0 ,30 ,24 ,3 
178,2014,2015,1782015,168,169,25.5,25.5,5331.6,5331.6,225,225,225,265,820,860,4.88,5.09,370,370,15,12 ,20 ,19 ,39 ,58 ,.345 ,1 ,0 ,20 ,15 ,2 
178,2015,2016,1782016,166,160,27,27,5525.87,5525.87,225,240,245,245,860,875,5.18,5.47,390,390,19,19 ,24 ,32 ,56 ,73 ,.329 ,2 ,0 ,30 ,31 ,2 
179,2012,2013,1792013,191,193,22,27,5344.86,6078.76,215,215,245,245,800,800,4.19,4.15,340,340,5,0 ,0 ,0 ,0 ,0 ,.000 ,0 ,0 ,0 ,0 ,0 
179,2013,2014,1792014,192,196,22,27,5344.86,6078.76,235,265,255,260,805,900,4.19,4.59,315,375,2,0 ,0 ,0 ,0 ,0 ,.000 ,0 ,0 ,0 ,0 ,0 
179,2014,2015,1792015,195,193,22,27,5344.86,6078.76,250,275,265,295,870,925,4.46,4.79,355,355,3,0 ,0 ,0 ,0 ,0 ,.000 ,0 ,0 ,1 ,0 ,0 
179,2015,2016,1792016,200,204,26.5,26.5,6147.6,6147.6,255,280,285,285,895,920,4.48,4.51,355,355,5,0 ,1 ,0 ,1 ,3 ,.333 ,1 ,0 ,0 ,0 ,0 
180,2012,2013,1802013,216,211,28.5,30,6634.77,6822.88,280,280,265,275,920,930,4.26,4.41,375,375,7,0 ,0 ,0 ,0 ,0 ,.000 ,0 ,0 ,0 ,0 ,0 
180,2013,2014,1802014,218,216,28.5,30,6634.77,6822.88,285,285,245,245,1000,1000,4.59,4.63,470,470,5,0 ,0 ,0 ,0 ,0 ,.000 ,0 ,0 ,1 ,1 ,1 
180,2014,2015,1802015,209,207,28.5,30,6634.77,6822.88,285,295,285,320,970,1070,4.64,5.17,400,455,7,0 ,0 ,0 ,0 ,0 ,.000 ,0 ,0 ,2 ,1 ,1 
180,2015,2016,1802016,213,225,27,27,6493.94,6493.94,315,345,335,335,1100,1130,5.16,5.02,450,450,9,0 ,0 ,0 ,0 ,0 ,.000 ,0 ,0 ,3 ,0 ,1 
181,2013,2014,1812014,148,148,25.5,25.5,4986.3,4965.74,175,175,200,200,680,680,4.59,4.59,305,305,1,0 ,0 ,0 ,0 ,0 ,.000 ,0 ,0 ,0 ,0 ,0 
181,2014,2015,1812015,151,151,25.5,25.5,4986.3,4965.74,185,195,210,220,700,720,4.64,4.77,305,305,3,0 ,1 ,0 ,1 ,3 ,.333 ,0 ,0 ,0 ,0 ,0 
181,2015,2016,1812016,151,153,25.5,25.5,4971.91,4971.91,185,215,220,220,725,755,4.80,4.93,320,320,6,0 ,1 ,0 ,1 ,2 ,.500 ,0 ,0 ,1 ,1 ,0 
182,2012,2013,1822013,189,198,23.5,23.5,5621.3481,5621.3481,245,250,270,295,810,840,4.29,4.24,295,295,1,0 ,0 ,0 ,0 ,0 ,.000 ,0 ,0 ,0 ,0 ,0 
182,2013,2014,1822014,193,190,23.5,23.5,5621.3481,5621.3481,245,250,285,300,850,935,4.40,4.92,320,385,13,0 ,0 ,0 ,0 ,0 ,.000 ,0 ,0 ,4 ,1 ,3 
182,2014,2015,1822015,197,197,23.5,23.5,5621.3481,5621.3481,265,265,300,300,955,955,4.85,4.85,390,390,3,0 ,0 ,0 ,0 ,0 ,.000 ,0 ,0 ,1 ,0 ,0 
182,2015,2016,1822016,200,207,25.5,25.5,5995.48,5995.48,275,300,305,305,945,970,4.73,4.69,365,365,17,0 ,0 ,0 ,0 ,0 ,.000 ,0 ,0 ,8 ,4 ,0 
183,2012,2013,1832013,171,169,25,28,5182.57,5562.89,205,205,215,225,730,740,4.27,4.38,310,310,3,0 ,0 ,0 ,0 ,0 ,.000 ,0 ,0 ,0 ,0 ,0 
183,2013,2014,1832014,167,165,25,28,5182.57,5562.89,225,225,235,235,755,785,4.52,4.76,295,325,4,0 ,1 ,0 ,1 ,1 ,1.000 ,0 ,0 ,0 ,1 ,0 
183,2014,2015,1832015,165,161,25,28,5182.57,5562.89,235,250,225,250,790,870,4.79,5.40,330,370,5,0 ,0 ,2 ,2 ,1 ,.000 ,0 ,0 ,0 ,0 ,0 
183,2015,2016,1832016,164,169,27.5,27.5,5559.79,5559.79,250,260,255,255,870,880,5.30,5.21,365,365,6,0 ,0 ,1 ,1 ,1 ,.000 ,0 ,0 ,0 ,3 ,0 
184,2012,2013,1842013,177,178,23,24.5,5393.51,6541.32,205,205,255,240,765,750,4.32,4.21,305,305,9,0 ,2 ,1 ,3 ,9 ,.222 ,0 ,0 ,2 ,1 ,0 
184,2013,2014,1842014,194,192,23,24.5,5393.51,6541.32,215,230,265,265,810,835,4.18,4.35,330,340,9,0 ,0 ,1 ,1 ,0 ,.000 ,0 ,0 ,0 ,1 ,0 
184,2014,2015,1842015,185,183,23,24.5,5393.51,6541.32,215,235,245,265,725,810,3.92,4.43,265,310,6,0 ,2 ,0 ,2 ,6 ,.333 ,0 ,0 ,2 ,2 ,1 
184,2015,2016,1842016,174,178,23,23,5065.36,5065.36,215,215,245,245,725,725,4.17,4.07,265,265,11,0 ,2 ,0 ,2 ,8 ,.250 ,0 ,0 ,3 ,5 ,3 
185,2014,2015,1852015,191,192,25.5,25,5808.44,5743.68,225,225,210,245,700,735,3.66,3.83,265,265,1,0 ,0 ,0 ,0 ,0 ,.000 ,0 ,0 ,0 ,0 ,0 
186,2012,2013,1862013,181,175,30.5,30.5,6271.03,6271.03,240,255,225,235,825,900,4.56,5.14,360,410,21,0 ,1 ,1 ,2 ,2 ,.500 ,0 ,0 ,24 ,6 ,6 
186,2013,2014,1862014,175,179,30.5,30.5,6271.03,6271.03,265,250,225,250,850,895,4.86,5.00,360,395,17,0 ,0 ,1 ,1 ,1 ,.000 ,0 ,0 ,28 ,1 ,9 
186,2014,2015,1862015,176,176,30.5,30.5,6271.03,6271.03,245,245,240,240,875,875,4.97,4.97,390,390,12,1 ,1 ,2 ,3 ,2 ,.500 ,0 ,0 ,46 ,7 ,18 
187,2012,2013,1872013,167,166,23.5,26,5220.55,5558.73,185,185,210,215,655,680,3.92,4.10,260,280,8,0 ,0 ,1 ,1 ,1 ,.000 ,0 ,0 ,3 ,1 ,0 
187,2013,2014,1872014,169,170,23.5,26,5220.55,5558.73,195,215,225,235,715,755,4.23,4.44,295,305,9,0 ,0 ,3 ,3 ,3 ,.000 ,0 ,0 ,2 ,2 ,0 
187,2014,2015,1872015,178,175,23.5,26,5220.55,5558.73,215,220,255,255,780,800,4.38,4.57,310,325,11,1 ,3 ,2 ,5 ,8 ,.375 ,0 ,0 ,7 ,5 ,0 
188,2012,2013,1882013,182,182,26.5,29.5,5744.75,6262.78,220,240,225,245,735,825,4.04,4.53,290,340,21,0 ,7 ,5 ,12 ,21 ,.333 ,0 ,0 ,58 ,10 ,7 
188,2013,2014,1882014,177,181,26.5,29.5,5744.75,6262.78,225,245,225,255,765,865,4.32,4.78,315,365,20,0 ,11 ,4 ,15 ,27 ,.407 ,0 ,0 ,44 ,7 ,4 
188,2014,2015,1882015,181,173,26.5,29.5,5744.75,6262.78,235,250,235,265,770,885,4.25,5.12,300,370,18,0 ,3 ,1 ,4 ,21 ,.143 ,0 ,0 ,57 ,11 ,13 
189,2012,2013,1892013,187,189,25,26.5,5618.31,5952.34,205,205,215,215,695,695,3.72,3.68,275,275,5,0 ,1 ,0 ,1 ,3 ,.333 ,0 ,0 ,1 ,1 ,0 
189,2013,2014,1892014,183,191,25,26.5,5618.31,5952.34,200,230,225,230,670,755,3.66,3.95,245,295,3,0 ,0 ,0 ,0 ,2 ,.000 ,0 ,0 ,0 ,0 ,0 
189,2014,2015,1892015,186,191,25,26.5,5618.31,5952.34,225,235,215,250,735,805,3.95,4.21,295,320,5,0 ,0 ,0 ,0 ,1 ,.000 ,0 ,0 ,1 ,0 ,0 
190,2012,2013,1902013,177,175,22.5,22.5,5156.81,5156.81,220,235,230,255,780,875,4.41,5.00,330,385,18,0 ,4 ,6 ,10 ,14 ,.286 ,0 ,0 ,4 ,5 ,0 
190,2013,2014,1902014,178,183,22.5,22.5,5156.81,5156.81,245,260,245,260,850,930,4.78,5.08,360,410,19,2 ,25 ,10 ,35 ,64 ,.391 ,2 ,0 ,8 ,12 ,1 
190,2014,2015,1902015,182,182,22.5,22.5,5156.81,5156.81,235,235,260,260,845,845,4.64,4.64,350,350,12,5 ,9 ,6 ,15 ,40 ,.225 ,2 ,0 ,5 ,8 ,1 
191,2012,2013,1912013,167,168,24,26,5338.75,5511.45,200,235,195,225,690,770,4.13,4.58,295,310,2,0 ,0 ,0 ,0 ,0 ,.000 ,0 ,0 ,0 ,0 ,0 
191,2013,2014,1912014,165,174,24,26,5338.75,5511.45,235,235,240,240,780,780,4.73,4.48,305,305,7,0 ,0 ,0 ,0 ,0 ,.000 ,0 ,0 ,0 ,2 ,0 
191,2014,2015,1912015,180,173,24,26,5338.75,5511.45,230,235,240,265,790,845,4.39,4.88,320,345,6,0 ,0 ,0 ,0 ,0 ,.000 ,0 ,0 ,1 ,0 ,0 
193,2014,2015,1932015,199,201,25.5,27.5,5968.76,6324.39,245,270,205,230,825,915,4.15,4.55,375,415,18,0 ,0 ,0 ,0 ,3 ,.000 ,0 ,0 ,24 ,6 ,5 
194,2014,2015,1942015,208,206,24,23.5,5918.36,5794,285,285,315,350,1030,1065,4.95,5.17,430,430,2,0 ,0 ,0 ,0 ,0 ,.000 ,0 ,0 ,0 ,0 ,0 
195,2012,2013,1952013,194,190,29,30.5,6140.47,6449.84,245,270,275,270,890,945,4.59,4.97,370,405,7,0 ,0 ,0 ,0 ,0 ,.000 ,0 ,0 ,5 ,0 ,1 
195,2013,2014,1952014,189,194,29,30.5,6140.47,6449.84,255,265,275,300,895,1000,4.74,5.15,365,435,5,0 ,0 ,0 ,0 ,0 ,.000 ,0 ,0 ,8 ,1 ,0 
195,2014,2015,1952015,181,185,29,30.5,6140.47,6449.84,260,285,275,300,915,1005,5.06,5.43,380,420,18,0 ,2 ,2 ,4 ,6 ,.333 ,0 ,0 ,112 ,9 ,2 
196,2012,2013,1962013,180,180,24,24.5,5240.09,5339.79,200,210,205,215,645,665,3.58,3.69,240,240,8,0 ,3 ,1 ,4 ,7 ,.429 ,0 ,0 ,2 ,3 ,0 
196,2013,2014,1962014,177,176,24,24.5,5240.09,5339.79,215,235,205,210,720,750,4.07,4.26,300,305,12,0 ,2 ,0 ,2 ,9 ,.222 ,0 ,0 ,2 ,4 ,0 
196,2014,2015,1962015,175,176,24,24.5,5240.09,5339.79,215,240,205,225,710,790,4.06,4.49,290,325,18,4 ,18 ,5 ,23 ,37 ,.486 ,3 ,0 ,15 ,13 ,0 
197,2012,2013,1972013,171,172,26.5,29,5697.4765,6019.21,180,195,165,190,585,675,3.42,3.92,240,290,20,15 ,0 ,0 ,0 ,0 ,.000 ,0 ,0 ,36 ,2 ,7 
197,2013,2014,1972014,174,175,26.5,29,5697.4765,6019.21,195,225,185,190,645,720,3.71,4.11,265,305,12,2 ,0 ,0 ,0 ,0 ,.000 ,0 ,0 ,9 ,2 ,0 
197,2014,2015,1972015,178,175,26.5,29,5697.4765,6019.21,205,225,180,200,650,720,3.65,4.11,265,295,1,0 ,0 ,0 ,0 ,0 ,.000 ,0 ,0 ,0 ,0 ,0 
